Category,SubCategory,Description,Amount,TransactionUtcDate
BankingFinance,ATMWithdrawals,ANZ ATM 797 HAY ST PERTH BR #1 PERTH WA,60.00,2018-09-10 16:00:00
BankingFinance,Interest,INTEREST CHARGED ON PURCHASES,61.52,2018-08-20 16:00:00
BankingFinance,Interest,INTEREST CHARGED ON PURCHASES,78.36,2018-07-21 16:00:00
BankingFinance,LoanRepayments,INTEREST,135.63,2018-07-01 16:00:00
BankingFinance,LoanRepayments,INTEREST,140.15,2018-08-01 16:00:00
BankingFinance,LoanRepayments,INTEREST,140.15,2018-09-02 16:00:00
BankingFinance,LoanRepayments,INTEREST,1335.02,2018-07-03 16:00:00
BankingFinance,LoanRepayments,INTEREST,1379.15,2018-08-05 16:00:00
BankingFinance,LoanRepayments,INTEREST,1380.20,2018-09-03 16:00:00
BankingFinance,LoanRepayments,INTEREST,1414.11,2018-07-01 16:00:00
BankingFinance,LoanRepayments,INTEREST,1453.35,2018-09-02 16:00:00
BankingFinance,LoanRepayments,INTEREST,1456.63,2018-08-01 16:00:00
BankingFinance,LoanRepayments,LOAN PAYMENT,135.63,2018-07-01 16:00:00
BankingFinance,LoanRepayments,LOAN PAYMENT,140.15,2018-08-01 16:00:00
BankingFinance,LoanRepayments,LOAN PAYMENT,140.15,2018-09-02 16:00:00
BankingFinance,LoanRepayments,LOAN PAYMENT,1335.02,2018-07-04 16:00:00
BankingFinance,LoanRepayments,LOAN PAYMENT,1379.15,2018-08-07 16:00:00
BankingFinance,LoanRepayments,LOAN PAYMENT,2500.00,2018-07-24 16:00:00
BankingFinance,LoanRepayments,LOAN PAYMENT,2500.00,2018-08-26 16:00:00
BankingFinance,LoanRepayments,LOAN PAYMENT,3000.00,2018-06-24 16:00:00
BankingFinance,LoanRepayments,LOAN PAYMENT LOAN PAYMENT LOAN,373.73,2018-09-16 16:00:00
Entertainment,MediaSubscriptions,APPLE ITUNES STORE SYDNEY,3.99,2018-07-23 16:00:00
Entertainment,MediaSubscriptions,APPLE ITUNES STORE SYDNEY,7.48,2018-09-06 16:00:00
Entertainment,MediaSubscriptions,APPLE ITUNES STORE SYDNEY,14.99,2018-06-24 16:00:00
FoodDrinks,BarsPubs,ALH GROUP 8555 HERDSMA WEMBLEY,107.50,2018-07-22 16:00:00
FoodDrinks,BarsPubs,BAR SHANGHAI NORTHBRIDGE,6.00,2018-08-27 16:00:00
FoodDrinks,BarsPubs,EB *Beers with Peers 801-413-7200,80.00,2018-06-21 16:00:00
FoodDrinks,BarsPubs,FLOUR FACTORY PERTH,24.36,2018-08-19 16:00:00
FoodDrinks,BarsPubs,FLOUR FACTORY PERTH,28.42,2018-08-26 16:00:00
FoodDrinks,BarsPubs,The Generous Squire Perth,18.00,2018-09-12 16:00:00
FoodDrinks,BarsPubs,The Melbourne Hotel FBS Perth,22.00,2018-07-11 16:00:00
FoodDrinks,BarsPubs,THE MESS AT UNCLE JOES PERTH,10.00,2018-08-29 16:00:00
FoodDrinks,CafesCoffee,Doric Street Cafe Scarborough,4.80,2018-07-04 16:00:00
FoodDrinks,CafesCoffee,Doric Street Cafe Scarborough,4.80,2018-07-11 16:00:00
FoodDrinks,CafesCoffee,Drift Kitchen Scarborough,9.00,2018-09-16 16:00:00
FoodDrinks,CafesCoffee,Mr Herbert's Doubleview,9.50,2018-06-26 16:00:00
FoodDrinks,CafesCoffee,Mr Herbert's Doubleview,9.50,2018-07-01 16:00:00
FoodDrinks,CafesCoffee,Mr Herbert's Doubleview,10.50,2018-07-08 16:00:00
FoodDrinks,CafesCoffee,RISE&GRIND ESPRESSO DOUBLEVIEW,6.50,2018-09-17 16:00:00
FoodDrinks,CafesCoffee,SQ *MAX AND SONS Perth,5.50,2018-07-03 16:00:00
FoodDrinks,CafesCoffee,SQ *MAX AND SONS Perth,5.50,2018-07-09 16:00:00
FoodDrinks,OtherFoodDrinks,BEAUMONDE HOSPITALITY PERTH,3.50,2018-06-26 16:00:00
FoodDrinks,OtherFoodDrinks,BEAUMONDE HOSPITALITY PERTH,4.00,2018-07-17 16:00:00
FoodDrinks,OtherFoodDrinks,BEAUMONDE HOSPITALITY PERTH,4.00,2018-07-18 16:00:00
FoodDrinks,OtherFoodDrinks,BEAUMONDE HOSPITALITY PERTH,8.50,2018-08-08 16:00:00
FoodDrinks,OtherFoodDrinks,BEAUMONDE HOSPITALITY PERTH,9.50,2018-08-08 16:00:00
FoodDrinks,Restaurants,CHICKEN TREAT WEMBLE WEMBLEY DOWNS,15.78,2018-06-24 16:00:00
FoodDrinks,Restaurants,JUJU SAFFRON CHICKEN PERTH,8.95,2018-07-08 16:00:00
FoodDrinks,Restaurants,MORRIS SUPA FOODS (W INNALOO,39.83,2018-08-26 16:00:00
FoodDrinks,Restaurants,SUES THAI KITCHEN WOODLANDS,53.00,2018-08-12 16:00:00
FoodDrinks,Restaurants,THE ITALIAN CRNR PRT PERTH,4.00,2018-06-26 16:00:00
FoodDrinks,Takeaways,COCA-COLA AMATIL PERTH,1.60,2018-09-16 16:00:00
FoodDrinks,Takeaways,GRILLD PTY LTD PERTH,134.50,2018-08-05 16:00:00
FoodDrinks,Takeaways,NANDOS 600039 PERTH,13.70,2018-07-19 16:00:00
FoodDrinks,Takeaways,WOODLANDS FISH & CHI WOODLANDS,5.00,2018-08-14 16:00:00
FoodDrinks,Takeaways,WOODLANDS FISH & CHI WOODLANDS,6.90,2018-09-11 16:00:00
FoodDrinks,Takeaways,WOODLANDS FISH & CHI WOODLANDS,17.50,2018-07-24 16:00:00
FoodDrinks,Takeaways,WOODLANDS FISH & CHI WOODLANDS,29.90,2018-09-18 16:00:00
FoodDrinks,Takeaways,WOODLANDS FISH & CHI WOODLANDS,30.00,2018-08-28 16:00:00
Groceries,ConvenienceStores,BRIGHTON ROAD FOODMA SCARBOROUGH,10.99,2018-09-05 16:00:00
Groceries,ConvenienceStores,BRIGHTON ROAD FOODMA SCARBOROUGH,18.43,2018-07-11 16:00:00
Groceries,LiquorStores,NAKED WINES AUSTRALIA NEWPORT,33.08,2018-09-19 16:00:00
Groceries,LiquorStores,NAKED WINES AUSTRALIA NEWPORT,34.88,2018-06-24 16:00:00
Groceries,LiquorStores,NAKED WINES AUSTRALIA NEWPORT,40.00,2018-07-18 16:00:00
Groceries,LiquorStores,NAKED WINES AUSTRALIA NEWPORT,40.00,2018-08-19 16:00:00
Groceries,LiquorStores,NAKED WINES AUSTRALIA NEWPORT,40.00,2018-09-18 16:00:00
Groceries,LiquorStores,NAKED WINES AUSTRALIA NEWPORT,69.08,2018-08-19 16:00:00
Groceries,LiquorStores,WA CLEANSKIN DVIEW DOUBLEVIEW,36.00,2018-08-02 16:00:00
Groceries,LiquorStores,WA CLEANSKIN DVIEW DOUBLEVIEW,40.50,2018-08-12 16:00:00
Groceries,LiquorStores,WA CLEANSKIN DVIEW DOUBLEVIEW,46.80,2018-09-11 16:00:00
Groceries,LiquorStores,WA CLEANSKIN DVIEW DOUBLEVIEW,55.80,2018-07-25 16:00:00
Groceries,LiquorStores,WA CLEANSKIN DVIEW DOUBLEVIEW,57.60,2018-07-15 16:00:00
Groceries,OtherGroceries,EVENTPOS LANDSDALE,7.00,2018-06-26 16:00:00
Groceries,Supermarkets,COLES 0481 PERTH,9.00,2018-09-17 16:00:00
Groceries,Supermarkets,COLES 0481 PERTH,9.00,2018-09-19 16:00:00
Groceries,Supermarkets,COLES 0481 PERTH,12.00,2018-09-20 16:00:00
Groceries,Supermarkets,DOUBLEVIEW IGA DOUBLEVIEW,7.25,2018-09-10 16:00:00
Groceries,Supermarkets,DOUBLEVIEW IGA DOUBLEVIEW,10.69,2018-07-18 16:00:00
Groceries,Supermarkets,DOUBLEVIEW IGA DOUBLEVIEW,14.19,2018-07-01 16:00:00
Groceries,Supermarkets,DOUBLEVIEW IGA DOUBLEVIEW,14.94,2018-07-08 16:00:00
Groceries,Supermarkets,DOUBLEVIEW IGA DOUBLEVIEW,28.03,2018-07-29 16:00:00
Groceries,Supermarkets,EFTPOS THE DOWNS IGA WEMBLEY DOWNSWA,62.29,2018-07-09 16:00:00
Groceries,Supermarkets,FARMER JACKS GWELUP GWELUP,118.04,2018-09-11 16:00:00
Groceries,Supermarkets,FARMER JACKS NORTH B NORTH BEACH,17.75,2018-09-16 16:00:00
Groceries,Supermarkets,FARMER JACKS WOODLAN WOODLANDS,8.17,2018-08-26 16:00:00
Groceries,Supermarkets,FARMER JACKS WOODLAN WOODLANDS,11.21,2018-09-16 16:00:00
Groceries,Supermarkets,FARMER JACKS WOODLAN WOODLANDS,25.65,2018-09-09 16:00:00
Groceries,Supermarkets,FARMER JACKS WOODLAN WOODLANDS,25.96,2018-07-22 16:00:00
Groceries,Supermarkets,FARMER JACKS WOODLAN WOODLANDS,31.88,2018-08-12 16:00:00
Groceries,Supermarkets,GLENGARRY IGA DUNCRAIG,12.27,2018-09-16 16:00:00
Groceries,Supermarkets,THE DOWNS IGA WEMBLEY DOWNS,9.39,2018-07-29 16:00:00
Groceries,Supermarkets,THE DOWNS IGA WEMBLEY DOWNS,38.40,2018-06-27 16:00:00
Groceries,Supermarkets,THE DOWNS IGA WEMBLEY DOWNS,39.69,2018-07-26 16:00:00
Groceries,Supermarkets,WOOLWORTHS 4365 PERTH,16.00,2018-08-07 16:00:00
Groceries,Supermarkets,WOOLWORTHS 4365 PERTH,27.30,2018-08-07 16:00:00
Groceries,Supermarkets,WOOLWORTHS 4365 PERTH,173.66,2018-09-04 16:00:00
HealthBeauty,Chemists,MORRIS COMPOUNDING P INNALOO,75.00,2018-08-26 16:00:00
HealthBeauty,Chemists,MORRIS COMPOUNDING P INNALOO,175.40,2018-08-26 16:00:00
HealthBeauty,Chemists,SLIDES.COM 3478750023 7.00 USD 0.29 AUD,9.79,2018-08-07 16:00:00
HealthBeauty,Chemists,SUPERCHEM RAINE SQUA PERTH,4.99,2018-08-26 16:00:00
HealthBeauty,Chemists,SUPERCHEM RAINE SQUA PERTH,7.99,2018-08-29 16:00:00
HealthBeauty,Chemists,The Downs Pharmacy Wembley Downs,110.80,2018-08-26 16:00:00
HealthBeauty,Chemists,WWW.ALIEXPRESS.COM LONDON 30.72 USD 1.27 AUD,43.48,2018-08-12 16:00:00
HealthBeauty,Eyewear,BRUMBYS DOUBLE VIEW DOUBLEVIEW,6.40,2018-09-10 16:00:00
HealthBeauty,GymsFitness,DBLVW BOWLING CLUB DOUBLEVIEW,8.00,2018-07-02 16:00:00
HealthBeauty,GymsFitness,DBLVW BOWLING CLUB DOUBLEVIEW,17.40,2018-06-25 16:00:00
HealthBeauty,GymsFitness,DBLVW BOWLING CLUB DOUBLEVIEW,44.00,2018-07-02 16:00:00
HealthBeauty,HairBeauty,PAYPAL *DOLLARSHAVE DO 4029357733,11.00,2018-06-24 16:00:00
HealthBeauty,HairBeauty,PAYPAL *DOLLARSHAVE DO 4029357733,11.00,2018-07-24 16:00:00
HealthBeauty,HairBeauty,PAYPAL *DOLLARSHAVE DO 4029357733,33.00,2018-08-26 16:00:00
HealthBeauty,OtherHealthBeauty,Ocean Village Medical Wembley Downs,79.00,2018-06-24 16:00:00
HealthBeauty,OtherHealthBeauty,Ocean Village Medical Wembley Downs,95.00,2018-08-26 16:00:00
HealthBeauty,OtherHealthBeauty,RAMSAY HEALTH CARE JOONDALUP,250.00,2018-08-26 16:00:00
HolidayTravel,OtherTravel,HUNGY JKS PERTH INTL PERTH AIRPORT,6.00,2018-09-18 16:00:00
HolidayTravel,OtherTravel,PERTH AIRPORT PTY LTD PERTH AIRPORT,8.04,2018-09-18 16:00:00
Home,HomeImprovement,BUNNINGS 454000 INNALOO,39.86,2018-08-13 16:00:00
Home,HomeImprovement,BUNNINGS 454000 INNALOO,77.05,2018-09-03 16:00:00
Home,HomeImprovement,SCARBORO HARDWARE SCARBOROUGH,5.30,2018-07-01 16:00:00
Home,Rates,CHINESE TASTE OF ASIA NORTH BRIDGE,10.50,2018-08-27 16:00:00
Home,Rates,CITY OF FREMANTLE FREMANTLE,5.50,2018-06-25 16:00:00
HouseholdUtilities,ElectricityGas,ALINTA PERTH,392.30,2018-07-29 16:00:00
HouseholdUtilities,ElectricityGas,SYNERGY PERTH,200.32,2018-09-19 16:00:00
HouseholdUtilities,PhoneInternet,INTERNODE PTY LTD ADELAIDE,85.39,2018-09-02 16:00:00
HouseholdUtilities,PhoneInternet,INTERNODE PTY LTD ADELAIDE,85.48,2018-08-01 16:00:00
HouseholdUtilities,PhoneInternet,INTERNODE PTY LTD ADELAIDE,105.30,2018-07-02 16:00:00
HouseholdUtilities,Water,ANZ INTERNET BANKING BPAY WATER CORPORATION {512846},150.27,2018-08-15 16:00:00
HouseholdUtilities,Water,WATER CORPORATION BALCATTA,267.04,2018-07-22 16:00:00
HouseholdUtilities,Water,WATER CORPORATION BALCATTA,294.12,2018-08-07 16:00:00
Insurance,HealthLifeInsurance,BUPA HI P T PHI MELBOURNE,949.33,2018-09-12 16:00:00
Miscellaneous,Charity,EVERYDAY HERO DONATION BRISBANE,25.00,2018-07-10 16:00:00
Miscellaneous,Charity,EVERYDAY HERO DONATION BRISBANE,25.00,2018-08-09 16:00:00
Miscellaneous,Charity,EVERYDAY HERO DONATION BRISBANE,25.00,2018-09-11 16:00:00
Shopping,OtherShopping,Amazon Australia Services MELBOURNE,2.82,2018-09-11 16:00:00
Shopping,OtherShopping,Amazon Australia Services MELBOURNE,4.08,2018-09-09 16:00:00
Shopping,OtherShopping,Amazon Australia Services MELBOURNE,7.47,2018-09-11 16:00:00
Shopping,OtherShopping,Amazon Australia Services MELBOURNE,7.59,2018-09-20 16:00:00
Shopping,OtherShopping,Amazon Australia Services MELBOURNE,9.99,2018-09-09 16:00:00
Shopping,OtherShopping,AMAZON MKTPLC AU SYDNEY SOUTH,24.27,2018-07-04 16:00:00
TransferringMoney,OtherTransferringMoney,ANZ INTERNET BANKING BPAY SYNERGY {823952},227.90,2018-07-15 16:00:00
TransferringMoney,OtherTransferringMoney,ANZ INTERNET BANKING FUNDS TFER TRANSFER 321975 TO 4564699014628985,2000.00,2018-09-12 16:00:00
TransferringMoney,OtherTransferringMoney,ANZ INTERNET BANKING FUNDS TFER TRANSFER 428829 TO CHRIS MCKE,150.00,2018-08-16 16:00:00
TransferringMoney,OtherTransferringMoney,ANZ INTERNET BANKING FUNDS TFER TRANSFER 636074 TO FTB SOLUTI,200.00,2018-09-09 16:00:00
TransferringMoney,OtherTransferringMoney,ANZ INTERNET BANKING FUNDS TFER TRANSFER 636208 TO J D WESTACO,5.50,2018-06-28 16:00:00
TransferringMoney,OtherTransferringMoney,ANZ INTERNET BANKING FUNDS TFER TRANSFER 834547 TO CHRIS MCKE,150.00,2018-09-16 16:00:00
TransferringMoney,OtherTransferringMoney,ANZ INTERNET BANKING FUNDS TFER TRANSFER 936864 TO CHRIS MCKE,150.00,2018-07-16 16:00:00
TransferringMoney,OtherTransferringMoney,ANZ M-BANKING FUNDS TFER TRANSFER 002044 TO 016305248758536,150.00,2018-09-11 16:00:00
TransferringMoney,OtherTransferringMoney,ANZ M-BANKING FUNDS TFER TRANSFER 126294 TO 016305248758536,300.00,2018-07-15 16:00:00
TransferringMoney,OtherTransferringMoney,ANZ M-BANKING FUNDS TFER TRANSFER 150989 TO 016305248758536,200.00,2018-09-02 16:00:00
TransferringMoney,OtherTransferringMoney,ANZ M-BANKING FUNDS TFER TRANSFER 151222 FROM 396460985,1500.00,2018-09-02 16:00:00
TransferringMoney,OtherTransferringMoney,ANZ M-BANKING FUNDS TFER TRANSFER 151222 TO 016002545625772,1500.00,2018-09-02 16:00:00
TransferringMoney,OtherTransferringMoney,ANZ M-BANKING FUNDS TFER TRANSFER 151558 TO 4564680024386129,200.00,2018-09-02 16:00:00
TransferringMoney,OtherTransferringMoney,ANZ M-BANKING FUNDS TFER TRANSFER 152080 TO 4564699014628993,300.00,2018-09-02 16:00:00
TransferringMoney,OtherTransferringMoney,ANZ M-BANKING FUNDS TFER TRANSFER 184712 TO 016305248758536,120.00,2018-08-13 16:00:00
TransferringMoney,OtherTransferringMoney,ANZ M-BANKING FUNDS TFER TRANSFER 357781 FROM 396460985,1500.00,2018-07-04 16:00:00
TransferringMoney,OtherTransferringMoney,ANZ M-BANKING FUNDS TFER TRANSFER 357781 TO 016002545625772,1500.00,2018-07-04 16:00:00
TransferringMoney,OtherTransferringMoney,ANZ M-BANKING FUNDS TFER TRANSFER 370591 TO 4564699014628993,1500.00,2018-07-04 16:00:00
TransferringMoney,OtherTransferringMoney,ANZ M-BANKING FUNDS TFER TRANSFER 418600 TO 4564699014628985,500.00,2018-09-10 16:00:00
TransferringMoney,OtherTransferringMoney,ANZ M-BANKING FUNDS TFER TRANSFER 470920 TO 016305248758536,100.00,2018-07-02 16:00:00
TransferringMoney,OtherTransferringMoney,ANZ M-BANKING FUNDS TFER TRANSFER 471954 TO 4564699014628993,1000.00,2018-08-15 16:00:00
TransferringMoney,OtherTransferringMoney,ANZ M-BANKING FUNDS TFER TRANSFER 526024 TO 4564699014628985,2000.00,2018-07-22 16:00:00
TransferringMoney,OtherTransferringMoney,ANZ M-BANKING FUNDS TFER TRANSFER 540822 TO 4564699014628993,500.00,2018-06-25 16:00:00
TransferringMoney,OtherTransferringMoney,ANZ M-BANKING FUNDS TFER TRANSFER 574310 FROM 396460985,400.00,2018-09-10 16:00:00
TransferringMoney,OtherTransferringMoney,ANZ M-BANKING FUNDS TFER TRANSFER 574310 TO 016002545625772,400.00,2018-09-10 16:00:00
TransferringMoney,OtherTransferringMoney,ANZ M-BANKING FUNDS TFER TRANSFER 575664 TO 016305248758536,300.00,2018-09-10 16:00:00
TransferringMoney,OtherTransferringMoney,ANZ M-BANKING FUNDS TFER TRANSFER 608108 FROM 396460985,200.00,2018-07-10 16:00:00
TransferringMoney,OtherTransferringMoney,ANZ M-BANKING FUNDS TFER TRANSFER 608108 TO 016002545625772,200.00,2018-07-10 16:00:00
TransferringMoney,OtherTransferringMoney,ANZ M-BANKING FUNDS TFER TRANSFER 638691 TO 016305248758536,100.00,2018-07-15 16:00:00
TransferringMoney,OtherTransferringMoney,ANZ M-BANKING FUNDS TFER TRANSFER 653117 TO 016305248758536,100.00,2018-07-29 16:00:00
TransferringMoney,OtherTransferringMoney,ANZ M-BANKING FUNDS TFER TRANSFER 754230 FROM 396460985,1300.00,2018-08-07 16:00:00
TransferringMoney,OtherTransferringMoney,ANZ M-BANKING FUNDS TFER TRANSFER 754230 TO 016002545625772,1300.00,2018-08-07 16:00:00
TransferringMoney,OtherTransferringMoney,ANZ M-BANKING FUNDS TFER TRANSFER 759710 TO 4564699014628993,1000.00,2018-08-07 16:00:00
TransferringMoney,OtherTransferringMoney,ANZ M-BANKING FUNDS TFER TRANSFER 760938 TO 016305248758536,200.00,2018-08-07 16:00:00
TransferringMoney,OtherTransferringMoney,ANZ M-BANKING FUNDS TFER TRANSFER 883146 TO 4564699014628985,500.00,2018-08-16 16:00:00
TransferringMoney,OtherTransferringMoney,ANZ M-BANKING FUNDS TFER TRANSFER 888655 FROM 396460985,100.00,2018-07-18 16:00:00
TransferringMoney,OtherTransferringMoney,ANZ M-BANKING FUNDS TFER TRANSFER 888655 TO 016002545625772,100.00,2018-07-18 16:00:00
TransferringMoney,OtherTransferringMoney,ANZ M-BANKING FUNDS TFER TRANSFER 976063 TO 016305248758536,200.00,2018-07-01 16:00:00
TransferringMoney,OtherTransferringMoney,ANZ M-BANKING FUNDS TFER TRANSFER 976073 TO 4564699014628993,500.00,2018-07-01 16:00:00
TransferringMoney,OtherTransferringMoney,ANZ M-BANKING PAYMENT TRANSFER 155081 TO KELLY E HELLER,55.00,2018-09-02 16:00:00
TransferringMoney,OtherTransferringMoney,ANZ M-BANKING PAYMENT TRANSFER 566012 TO DALE LAWN MOWER MAN,44.00,2018-08-07 16:00:00
TransferringMoney,OtherTransferringMoney,DUONGK HOLDINGS PTY PERTH,11.50,2018-08-30 16:00:00
TransferringMoney,OtherTransferringMoney,PAYMENT,373.73,2018-09-16 16:00:00
TransferringMoney,OtherTransferringMoney,PAYMENT THANKYOU 152080,300.00,2018-09-02 16:00:00
TransferringMoney,OtherTransferringMoney,PAYMENT THANKYOU 321975,2000.00,2018-09-12 16:00:00
TransferringMoney,OtherTransferringMoney,PAYMENT THANKYOU 370591,1500.00,2018-07-05 16:00:00
TransferringMoney,OtherTransferringMoney,PAYMENT THANKYOU 418600,500.00,2018-09-10 16:00:00
TransferringMoney,OtherTransferringMoney,PAYMENT THANKYOU 471954,1000.00,2018-08-15 16:00:00
TransferringMoney,OtherTransferringMoney,PAYMENT THANKYOU 526024,2000.00,2018-07-22 16:00:00
TransferringMoney,OtherTransferringMoney,PAYMENT THANKYOU 540822,500.00,2018-06-25 16:00:00
TransferringMoney,OtherTransferringMoney,PAYMENT THANKYOU 570712,1000.00,2018-06-21 16:00:00
TransferringMoney,OtherTransferringMoney,PAYMENT THANKYOU 759710,1000.00,2018-08-07 16:00:00
TransferringMoney,OtherTransferringMoney,PAYMENT THANKYOU 883146,500.00,2018-08-16 16:00:00
TransferringMoney,OtherTransferringMoney,PAYMENT THANKYOU 976073,500.00,2018-07-01 16:00:00
TransferringMoney,OtherTransferringMoney,PAYMENT TO BUDGET DIRECT 115140631036896344,96.83,2018-07-04 16:00:00
TransferringMoney,OtherTransferringMoney,PAYMENT TO BUDGET DIRECT 115140631037516292,96.83,2018-08-05 16:00:00
TransferringMoney,OtherTransferringMoney,PAYMENT TO BUDGET DIRECT 115140631037549565,79.95,2018-08-06 16:00:00
TransferringMoney,OtherTransferringMoney,PAYMENT TO BUDGET DIRECT 115140631038148425,96.83,2018-09-04 16:00:00
TransferringMoney,OtherTransferringMoney,PAYMENT TO GOODLIFE MURRAY A002Q53G098R,16.76,2018-09-06 16:00:00
TransferringMoney,OtherTransferringMoney,PAYMENT TO GOODLIFE MURRAY A002R0M90PZL,16.76,2018-09-13 16:00:00
TransferringMoney,OtherTransferringMoney,PAYMENT TO GOODLIFE MURRAY A002RNPV0LGB,16.76,2018-09-20 16:00:00
TransferringMoney,OtherTransferringMoney,PAYMENT TO GOODLIFE MURRAY A006952-020842,16.76,2018-07-26 16:00:00
TransferringMoney,OtherTransferringMoney,PAYMENT TO GOODLIFE MURRAY A054526-029322,16.76,2018-08-02 16:00:00
TransferringMoney,OtherTransferringMoney,PAYMENT TO GOODLIFE MURRAY A078165-026550,16.76,2018-08-09 16:00:00
TransferringMoney,OtherTransferringMoney,PAYMENT TO GOODLIFE MURRAY A104416-004759,16.76,2018-08-16 16:00:00
TransferringMoney,OtherTransferringMoney,PAYMENT TO GOODLIFE MURRAY A129177-019906,16.76,2018-08-23 16:00:00
TransferringMoney,OtherTransferringMoney,PAYMENT TO GOODLIFE MURRAY A175667-007994,16.76,2018-08-30 16:00:00
TransferringMoney,OtherTransferringMoney,PAYMENT TO GOODLIFE MURRAY A861903-025670,16.76,2018-06-21 16:00:00
TransferringMoney,OtherTransferringMoney,PAYMENT TO GOODLIFE MURRAY A905781-005976,16.76,2018-06-28 16:00:00
TransferringMoney,OtherTransferringMoney,PAYMENT TO GOODLIFE MURRAY A937913-008610,16.76,2018-07-05 16:00:00
TransferringMoney,OtherTransferringMoney,PAYMENT TO GOODLIFE MURRAY A959883-025636,16.76,2018-07-12 16:00:00
TransferringMoney,OtherTransferringMoney,PAYMENT TO GOODLIFE MURRAY A984871-003554,16.76,2018-07-19 16:00:00
TransferringMoney,OtherTransferringMoney,PAYMENT TO MCKELT CHRISTOPHER DAVID,135.63,2018-07-02 16:00:00
TransferringMoney,OtherTransferringMoney,PAYMENT TO MCKELT CHRISTOPHER DAVID,140.15,2018-08-02 16:00:00
TransferringMoney,OtherTransferringMoney,PAYMENT TO MCKELT CHRISTOPHER DAVID,140.15,2018-09-03 16:00:00
TransferringMoney,OtherTransferringMoney,PAYMENT TO MCKELT CHRISTOPHER DAVID,1335.02,2018-07-05 16:00:00
TransferringMoney,OtherTransferringMoney,PAYMENT TO MCKELT CHRISTOPHER DAVID,1379.15,2018-08-08 16:00:00
TransferringMoney,OtherTransferringMoney,PAYMENT TO MCKELT CHRISTOPHER DAVID,2500.00,2018-07-25 16:00:00
TransferringMoney,OtherTransferringMoney,PAYMENT TO MCKELT CHRISTOPHER DAVID,2500.00,2018-08-27 16:00:00
TransferringMoney,OtherTransferringMoney,PAYMENT TO MCKELT CHRISTOPHER DAVID,3000.00,2018-06-25 16:00:00
TransferringMoney,OtherTransferringMoney,PAYMENT TO VODAFONE T3 1024C9 17,40.00,2018-07-04 16:00:00
TransferringMoney,OtherTransferringMoney,PAYMENT TO VODAFONE T3 10783F D,40.00,2018-08-01 16:00:00
TransferringMoney,OtherTransferringMoney,PAYMENT TO VODAFONE T3 10D836 4,40.00,2018-09-03 16:00:00
TransferringMoney,OtherTransferringMoney,TRANSFER FROM CHRIS MCKELT ANZ CHRIS MCKELT ANZ,150.00,2018-08-19 16:00:00
TransferringMoney,OtherTransferringMoney,TRANSFER FROM CHRIS MCKELT ANZ CHRIS MCKELT ANZ,500.00,2018-07-22 16:00:00
TransferringMoney,OtherTransferringMoney,TRANSFER FROM CHRIS MCKELT MISS TRACY NICOL,55.00,2018-09-03 16:00:00
TransferringMoney,OtherTransferringMoney,TRANSFER FROM SUBIACO-REBA PRO ABEL PROPERTY PYMT,27.20,2018-07-31 16:00:00
Transport,Fuel,CALTEX STAR MART DOU SCARBOROUGH,7.99,2018-07-31 16:00:00
Transport,Fuel,CALTEX STAR MART DOU SCARBOROUGH,37.41,2018-08-26 16:00:00
Transport,Fuel,CALTEX STAR MART DOU SCARBOROUGH,104.04,2018-09-02 16:00:00
Transport,Fuel,CALTEX STAR MART DOU SCARBOROUGH,109.62,2018-07-22 16:00:00
Transport,Fuel,CALTEX STAR MART DOU SCARBOROUGH,126.13,2018-06-28 16:00:00
Transport,Fuel,NON-ANZ ATM BP EXPRESS WEMBLEY* WEMBLEY INCLUDES ATM OPERATOR CHARGE $2.50,202.50,2018-07-15 16:00:00
Transport,ParkingTolls,AEG OGDEN PERTH ARENA PERTH,15.00,2018-06-21 16:00:00
Transport,ParkingTolls,AEG OGDEN PERTH ARENA PERTH,15.00,2018-07-15 16:00:00
Transport,ParkingTolls,AEG OGDEN PERTH ARENA PERTH,15.00,2018-07-22 16:00:00
Transport,ParkingTolls,AEG OGDEN PERTH ARENA PERTH,15.00,2018-08-02 16:00:00
Transport,ParkingTolls,AEG OGDEN PERTH ARENA PERTH,15.00,2018-08-09 16:00:00
Transport,ParkingTolls,AEG OGDEN PERTH ARENA PERTH,15.00,2018-08-12 16:00:00
Transport,ParkingTolls,AEG OGDEN PERTH ARENA PERTH,15.00,2018-08-19 16:00:00
Transport,ParkingTolls,AEG OGDEN PERTH ARENA PERTH,15.00,2018-08-26 16:00:00
Transport,ParkingTolls,AEG OGDEN PERTH ARENA PERTH,15.00,2018-08-30 16:00:00
Transport,ParkingTolls,AEG OGDEN PERTH ARENA PERTH,15.00,2018-09-02 16:00:00
Transport,ParkingTolls,AEG OGDEN PERTH ARENA PERTH,15.00,2018-09-05 16:00:00
Transport,ParkingTolls,AEG OGDEN PERTH ARENA PERTH,15.00,2018-09-09 16:00:00
Transport,ParkingTolls,AEG OGDEN PERTH ARENA PERTH,15.00,2018-09-12 16:00:00
Transport,ParkingTolls,AEG OGDEN PERTH ARENA PERTH,15.00,2018-09-20 16:00:00
Transport,ParkingTolls,WILSON PARKING AUSTRAL NEDLANDS,3.30,2018-06-21 16:00:00
Transport,PublicTransport,PUBLIC TRANSPORT AUT EAST PERTH,20.00,2018-06-27 16:00:00
Transport,PublicTransport,PUBLIC TRANSPORT AUT EAST PERTH,20.00,2018-07-03 16:00:00
Transport,PublicTransport,PUBLIC TRANSPORT AUT EAST PERTH,20.00,2018-07-05 16:00:00
Transport,PublicTransport,PUBLIC TRANSPORT AUT EAST PERTH,20.00,2018-07-10 16:00:00
Transport,PublicTransport,PUBLIC TRANSPORT AUT EAST PERTH,20.00,2018-07-12 16:00:00
Transport,PublicTransport,PUBLIC TRANSPORT AUT EAST PERTH,20.00,2018-07-17 16:00:00
Transport,PublicTransport,PUBLIC TRANSPORT AUT EAST PERTH,20.00,2018-07-22 16:00:00
Transport,PublicTransport,PUBLIC TRANSPORT AUT EAST PERTH,20.00,2018-07-25 16:00:00
Transport,PublicTransport,PUBLIC TRANSPORT AUT EAST PERTH,20.00,2018-07-29 16:00:00
Transport,PublicTransport,PUBLIC TRANSPORT AUT EAST PERTH,20.00,2018-07-31 16:00:00
Transport,PublicTransport,PUBLIC TRANSPORT AUT EAST PERTH,20.00,2018-08-05 16:00:00
Transport,PublicTransport,PUBLIC TRANSPORT AUT EAST PERTH,20.00,2018-08-07 16:00:00
Transport,PublicTransport,PUBLIC TRANSPORT AUT EAST PERTH,20.00,2018-08-14 16:00:00
Transport,PublicTransport,PUBLIC TRANSPORT AUT EAST PERTH,20.00,2018-08-16 16:00:00
Transport,PublicTransport,PUBLIC TRANSPORT AUT EAST PERTH,20.00,2018-08-22 16:00:00
Transport,PublicTransport,PUBLIC TRANSPORT AUT EAST PERTH,20.00,2018-08-26 16:00:00
Transport,PublicTransport,PUBLIC TRANSPORT AUT EAST PERTH,20.00,2018-09-04 16:00:00
Transport,TaxiRideshare,UBER TRIP 6IXPN HELP.UBER Sydney,14.38,2018-07-22 16:00:00
Transport,TaxiRideshare,UBER TRIP I7N2K HELP.UBER Sydney,37.19,2018-09-13 16:00:00
Uncategorised,Uncategorised,AUTOMOTIVE BRANDS GROU NUNAWADING,5.99,2018-09-20 16:00:00
Uncategorised,Uncategorised,BLAZING SADDLES CYCLER SCARBOROUGH,219.00,2018-07-19 16:00:00
Uncategorised,Uncategorised,CIVEDIAMO PTY LTD SUBIACO,10.00,2018-07-08 16:00:00
Uncategorised,Uncategorised,CKW INVESTMENTS PTY PERTH,5.70,2018-08-07 16:00:00
Uncategorised,Uncategorised,CPP CITIPLACE NORTHBRIDGE,9.69,2018-08-26 16:00:00
Uncategorised,Uncategorised,CREDIT INTEREST PAID,0.01,2018-07-30 16:00:00
Uncategorised,Uncategorised,DOMINOS ESTORE 0231 EAST PERTH,161.45,2018-09-06 16:00:00
Uncategorised,Uncategorised,DORIC MINIMART SCARBOROUGH,8.99,2018-06-24 16:00:00
Uncategorised,Uncategorised,DOYLES (WA) PTY LTD PERTH,45.00,2018-07-22 16:00:00
Uncategorised,Uncategorised,EAST VILLAGE BREAKFA PERTH,3.00,2018-06-27 16:00:00
Uncategorised,Uncategorised,EAST VILLAGE BREAKFA PERTH,3.00,2018-07-01 16:00:00
Uncategorised,Uncategorised,EAST VILLAGE BREAKFA PERTH,3.50,2018-08-19 16:00:00
Uncategorised,Uncategorised,EAST VILLAGE WA PERTH,3.00,2018-07-01 16:00:00
Uncategorised,Uncategorised,ELECTROLUX HOME PRODUC MASCOT,145.00,2018-06-27 16:00:00
Uncategorised,Uncategorised,FIXPRESS PERTH,75.00,2018-07-05 16:00:00
Uncategorised,Uncategorised,HERDIE PTY LTD CHURCHLANDS,23.97,2018-07-05 16:00:00
Uncategorised,Uncategorised,HN MAC PTY LTD PERTH,5.50,2018-09-09 16:00:00
Uncategorised,Uncategorised,ISOLATE PTY LTD PERTH,2.50,2018-07-01 16:00:00
Uncategorised,Uncategorised,KWIK KOFFEE CENTRAL PERTH,4.50,2018-07-02 16:00:00
Uncategorised,Uncategorised,LATINA WA HAMILTON HILL,27.00,2018-06-25 16:00:00
Uncategorised,Uncategorised,NICHOLAS&P EVANGELELLI PERTH,9.00,2018-08-26 16:00:00
Uncategorised,Uncategorised,PAYPAL *EVERYDAYHER 4029357733,6.09,2018-09-11 16:00:00
Uncategorised,Uncategorised,PAYPAL *GROUPON AU 4029357733,33.95,2018-07-15 16:00:00
Uncategorised,Uncategorised,PAYPAL *PATREON MEMBER 4029357733,2.89,2018-08-05 16:00:00
Uncategorised,Uncategorised,PAYPAL *PATREON MEMBER 4029357733,2.98,2018-09-03 16:00:00
Uncategorised,Uncategorised,PAYPAL *PATREON PLEDGE 4029357733,2.91,2018-07-03 16:00:00
Uncategorised,Uncategorised,PAYPAL *REDBUBBLE 4029357733,36.75,2018-07-29 16:00:00
Uncategorised,Uncategorised,PAYPAL *THE ICONIC 567 4029357733,62.98,2018-07-11 16:00:00
Uncategorised,Uncategorised,PAYPAL *UBER AU 4029357733,10.52,2018-07-12 16:00:00
Uncategorised,Uncategorised,PAYPAL *VISIONSTORE 4029357733,23.98,2018-07-03 16:00:00
Uncategorised,Uncategorised,POCKETSMITH LTD DUNEDIN,10.25,2018-07-15 16:00:00
Uncategorised,Uncategorised,POCKETSMITH LTD DUNEDIN,11.28,2018-08-14 16:00:00
Uncategorised,Uncategorised,PTA SMARTRIDER EAST PERTH,20.00,2018-09-18 16:00:00
Uncategorised,Uncategorised,RACHEL LA'VELLE ALFRED COVE,471.65,2018-07-01 16:00:00
Uncategorised,Uncategorised,RACHEL LA'VELLE ALFRED COVE,495.00,2018-06-21 16:00:00
Uncategorised,Uncategorised,RE LAKS' MASSAGE PTY PERTH,70.00,2018-07-10 16:00:00
Uncategorised,Uncategorised,RUNKLE PTY LTD INNALOO,12.80,2018-08-26 16:00:00
Uncategorised,Uncategorised,SAAAB PTY LTD JOONDALUP,500.00,2018-08-19 16:00:00
Uncategorised,Uncategorised,SALAD KING PTY LTD PERTH,10.95,2018-07-04 16:00:00
Uncategorised,Uncategorised,SIR CHARLES GAIRDNER NEDLANDS,17.00,2018-06-24 16:00:00
Uncategorised,Uncategorised,SQ *THE CREPERIE BY HE PERTH,32.00,2018-07-08 16:00:00
Uncategorised,Uncategorised,THE BEACH HOUSE KIDS BALCATTA,7.00,2018-07-01 16:00:00
Uncategorised,Uncategorised,THE BEACH HOUSE KIDS BALCATTA,26.00,2018-07-01 16:00:00
Uncategorised,Uncategorised,THE GLOBE PERTH,49.00,2018-07-02 16:00:00
Uncategorised,Uncategorised,THE LOOKOUT SCARBOROUGH,19.50,2018-07-30 16:00:00
Uncategorised,Uncategorised,WHIPPERSNAPPERDISTILL East Perth,98.00,2018-09-09 16:00:00
Uncategorised,Wages,TRANSFER FROM MCKELT CHRISTOPH BANKWEST PAY,3500.00,2018-08-15 16:00:00
Uncategorised,Wages,TRANSFER FROM MCKELT CHRISTOPH BANKWEST PAY,3800.00,2018-07-18 16:00:00
Uncategorised,Wages,TRANSFER FROM MCKELT CHRISTOPH PAY FROM BW,3400.00,2018-08-02 16:00:00
Uncategorised,Wages,TRANSFER FROM MCKELT CHRISTOPH SALARY,3500.00,2018-06-21 16:00:00
Uncategorised,Wages,TRANSFER FROM MCKELT CHRISTOPH SALARY,3800.00,2018-07-04 16:00:00
Uncategorised,Wages,TRANSFER FROM MCKELT CHRISTOPH SALARY,3800.00,2018-09-02 16:00:00
Uncategorised,Wages,TRANSFER FROM MCKELT CHRISTOPH SALARY,4000.00,2018-09-12 16:00:00
WorkStudy,BooksStationery,Audible Australia MELBOURNE,16.45,2018-07-18 16:00:00
WorkStudy,BooksStationery,Audible Australia MELBOURNE,16.45,2018-08-19 16:00:00
WorkStudy,BooksStationery,Audible Australia MELBOURNE,16.45,2018-09-18 16:00:00
WorkStudy,BooksStationery,AUDIBLE LIMITED MELBOURNE,14.95,2018-06-21 16:00:00
WorkStudy,BooksStationery,DORIC NEWSAGENCY SCARBOROUGH,24.00,2018-08-01 16:00:00
WorkStudy,BooksStationery,DORIC NEWSAGENCY SCARBOROUGH,25.80,2018-08-30 16:00:00
